<?xml version="1.0" encoding="UTF-8"?>

<!DOCTYPE Libro SYSTEM "Ej.2 EXAMEN.dtd">

<Libro Catalogo="primavera">

    <Titulo>Lo que el viento se llevo</Titulo>
    <Seccion>Drama</Seccion>
    <Subseccion></Subseccion>
    <Contenido>
        <Capitulo materia="XML">
            <tema>la realidad</tema>
        </Capitulo>
        <Capitulo materia="XML">
            <tema>mentira</tema>
        </Capitulo>
    <Copyright>No puede ser distribuida sin licencia</Copyright>

    </Contenido>

</Libro>