<?xml version="1.0" encoding="UTF-8" ?>

<shiporder xmlns:xsi="http://www.w3.org/2001/XMLSchema-instance" 
xsi:noNamespaceSchemaLocation="Ej.4 EXAMEN.xsd">

    <orderperson></orderperson>
    <shipto>
        <name></name>
        <address></address>
        <city></city>
        <country></country>
        <item orderid="fast">
            <title></title>
            <note></note>
            <quantity></quantity>
            <price></price>
        </item>
        <item orderid="fast">
            <title></title>
            <note></note>
            <quantity></quantity>
            <price></price>
        </item>
        <item orderid="fast">
            <title></title>
            <note></note>
            <quantity></quantity>
            <price></price>
        </item>
    </shipto>

</shiporder>